{
    "modes": [
        {
            "index": 0,
            "strictly local log-evidence": 17.443499579493615,
            "strictly local log-evidence error": 0.05153274416612718,
            "local log-evidence": 17.443499579493615,
            "local log-evidence error": 0.05153274416612718,
            "mean": [
                155.56762568919297,
                1.8395143597962416,
                -5.123798891884399,
                2180.1067147517774
            ],
            "sigma": [
                83.41166362860352,
                20.4742137929754,
                1.7839146200373839,
                1122.2047817831256
            ],
            "maximum": [
                279.9413848072399,
                20.854615154596125,
                -1.3790460519494578,
                2181.8085098337924
            ],
            "maximum a posterior": [
                284.25214290618896,
                -11.96782112121582,
                -5.268405020236969,
                2127.49285697937
            ]
        }
    ],
    "nested sampling global log-evidence": 17.884270883496885,
    "nested sampling global log-evidence error": 0.07799567790697416,
    "global evidence": 17.443499579493615,
    "global evidence error": 0.05153274416612718,
    "nested importance sampling global log-evidence": 17.443499579493615,
    "nested importance sampling global log-evidence error": 0.05153274416612718,
    "marginals": [
        {
            "median": 146.64614631460867,
            "sigma": 97.96942739168057,
            "1sigma": [
                58.755443041712724,
                254.69429782507385
            ],
            "2sigma": [
                12.857605615757032,
                294.5687816175731
            ],
            "3sigma": [
                0.16141533851623535,
                299.43924521668924
            ],
            "5sigma": [
                0.16141533851623535,
                299.8649668866244
            ],
            "q75%": 232.47465782703955,
            "q25%": 86.75455877819007,
            "q99%": 296.8572665976575,
            "q01%": 6.458346981287958,
            "q90%": 273.88237402691664,
            "q10%": 44.349967575065726
        },
        {
            "median": 0.12822923966494174,
            "sigma": 22.294645143242278,
            "1sigma": [
                -21.29509348742878,
                23.294196799055776
            ],
            "2sigma": [
                -35.40346233600226,
                37.247981695645
            ],
            "3sigma": [
                -38.827338806130065,
                39.43750580727947
            ],
            "5sigma": [
                -38.921094875524034,
                39.53413722824159
            ],
            "q75%": 18.24804559727303,
            "q25%": -15.370114769842338,
            "q99%": 38.971187870219254,
            "q01%": -37.60724034357658,
            "q90%": 30.823237894100036,
            "q10%": -27.400710063037597
        },
        {
            "median": -5.4317132536847375,
            "sigma": 1.8830891382742452,
            "1sigma": [
                -6.862865175522131,
                -3.096686898973641
            ],
            "2sigma": [
                -7.836486157740569,
                -1.4260085542015593
            ],
            "3sigma": [
                -7.972043335437775,
                -1.2171011270326357
            ],
            "5sigma": [
                -7.972043335437775,
                -1.1723467450658052
            ],
            "q75%": -4.072685692764919,
            "q25%": -6.441331677896857,
            "q99%": -1.3086620592932536,
            "q01%": -7.949440053322136,
            "q90%": -2.2687177846995734,
            "q10%": -7.430503667809574
        },
        {
            "median": 2190.544317773452,
            "sigma": 1302.644309847271,
            "1sigma": [
                874.5885522083315,
                3479.8771719028737
            ],
            "2sigma": [
                385.2311279303756,
                3964.226507702367
            ],
            "3sigma": [
                218.22012211397504,
                4178.905392116473
            ],
            "5sigma": [
                218.22012211397504,
                4193.895132679768
            ],
            "q75%": 3153.5366204161032,
            "q25%": 1150.3416952763316,
            "q99%": 4115.627373200334,
            "q01%": 240.06760756572794,
            "q90%": 3694.9348774721484,
            "q10%": 710.6116283972314
        }
    ]
}